{
  "rows": 100000,
  "dimensions": 6,
  "range": {
    "min": 0,
    "max": 1000
  },
  "filterFractions": {
    "lo": 0.25,
    "hi": 0.75
  },
  "columnar": true,
  "ingestMs": 14.520375,
  "index": {
    "ms": 1.0508750000000013,
    "bytes": 416388
  },
  "filter": {
    "ms": 3.269957999999999,
    "activeCount": 50125
  },
  "clearMs": 2.238459000000006,
  "profile": null,
  "timestamp": "2025-09-16T23:51:00.475Z"
}