{
  "rows": 100000,
  "dimensions": 6,
  "range": {
    "min": 0,
    "max": 1000
  },
  "ingestMs": 29.981333,
  "index": {
    "ms": 1.0212499999999949,
    "bytes": 416388
  },
  "filter": {
    "ms": 3.0082089999999937,
    "activeCount": 49903
  },
  "clearMs": 2.068792000000002,
  "timestamp": "2025-09-16T17:05:04.707Z"
}