{
  "rows": 100000,
  "dimensions": 6,
  "range": {
    "min": 0,
    "max": 1000
  },
  "ingestMs": 23.390542000000003,
  "index": {
    "ms": 1.0309160000000048,
    "bytes": 416388
  },
  "filter": {
    "ms": 3.1317080000000033,
    "activeCount": 49774
  },
  "clearMs": 2.3657500000000056,
  "timestamp": "2025-09-16T13:19:48.743Z"
}