{
  "scenario": "single",
  "rows": 100000,
  "dimensions": 6,
  "range": {
    "min": 0,
    "max": 1000
  },
  "filterFractions": {
    "lo": 0.25,
    "hi": 0.75
  },
  "columnar": false,
  "ingestMs": 22.281124999999996,
  "index": {
    "ms": 1.0612090000000052,
    "bytes": 416388
  },
  "filter": {
    "ms": 3.044041000000007,
    "activeCount": 49938
  },
  "clearMs": 2.192875000000001,
  "clearActiveCount": 100000,
  "profile": null,
  "timestamp": "2025-09-17T16:16:35.998Z"
}