{
  "rows": 1000000,
  "dimensions": 6,
  "range": {
    "min": 0,
    "max": 1000
  },
  "filterFractions": {
    "lo": 0.25,
    "hi": 0.75
  },
  "columnar": false,
  "ingestMs": 251.36745899999994,
  "index": {
    "ms": 3.4403750000000173,
    "bytes": 4016388
  },
  "filter": {
    "ms": 19.245041000000015,
    "activeCount": 499911
  },
  "clearMs": 20.400792000000024,
  "profile": null,
  "timestamp": "2025-09-16T23:58:12.377Z"
}