{
  "rows": 1000000,
  "dimensions": 6,
  "range": {
    "min": 0,
    "max": 1000
  },
  "filterFractions": {
    "lo": 0.25,
    "hi": 0.75
  },
  "columnar": false,
  "ingestMs": 252.14916599999992,
  "index": {
    "ms": 3.534249999999929,
    "bytes": 4016388
  },
  "filter": {
    "ms": 19.865957999999978,
    "activeCount": 500238
  },
  "clearMs": 20.01820799999996,
  "profile": {
    "clear": {
      "fallback": true,
      "insideRows": 500238,
      "outsideRows": 499762,
      "outsideFraction": 0.499762,
      "rangeBins": 2048
    }
  },
  "timestamp": "2025-09-16T20:09:16.951Z"
}