{
  "rows": 100000,
  "dimensions": 6,
  "range": {
    "min": 0,
    "max": 1000
  },
  "ingestMs": 31.673166000000002,
  "index": {
    "ms": 0.9771250000000009,
    "bytes": 416388
  },
  "filter": {
    "ms": 2.9563339999999982,
    "activeCount": 49718
  },
  "clearMs": 2.231250000000003,
  "timestamp": "2025-09-16T16:54:38.163Z"
}