{
  "scenario": "single",
  "rows": 100000,
  "dimensions": 6,
  "range": {
    "min": 0,
    "max": 1000
  },
  "filterFractions": {
    "lo": 0.25,
    "hi": 0.75
  },
  "columnar": false,
  "ingestMs": 23.315665999999993,
  "index": {
    "ms": 1.0895420000000087,
    "bytes": 416388
  },
  "filter": {
    "ms": 3.0970410000000044,
    "activeCount": 50006
  },
  "clearMs": 2.167082999999991,
  "clearActiveCount": 100000,
  "profile": null,
  "timestamp": "2025-09-17T15:21:02.667Z"
}