{
  "rows": 1000000,
  "dimensions": 6,
  "range": {
    "min": 0,
    "max": 1000
  },
  "filterFractions": {
    "lo": 0.25,
    "hi": 0.75
  },
  "columnar": false,
  "ingestMs": 183.051625,
  "index": {
    "ms": 3.411457999999982,
    "bytes": 4016388
  },
  "filter": {
    "ms": 18.670916999999974,
    "activeCount": 499881
  },
  "clearMs": 19.863249999999994,
  "profile": null,
  "timestamp": "2025-09-16T23:37:43.481Z"
}