{
  "rows": 100000,
  "dimensions": 6,
  "range": {
    "min": 0,
    "max": 1000
  },
  "ingestMs": 22.120959000000006,
  "index": {
    "ms": 1.020583000000002,
    "bytes": 416388
  },
  "filter": {
    "ms": 2.9564999999999912,
    "activeCount": 50043
  },
  "clearMs": 2.282375000000002,
  "timestamp": "2025-09-16T18:29:39.451Z"
}