{
  "scenario": "single",
  "rows": 100000,
  "dimensions": 6,
  "range": {
    "min": 0,
    "max": 1000
  },
  "filterFractions": {
    "lo": 0.25,
    "hi": 0.75
  },
  "columnar": false,
  "ingestMs": 23.159833999999996,
  "index": {
    "ms": 1.1154159999999962,
    "bytes": 416388
  },
  "filter": {
    "ms": 3.1904170000000107,
    "activeCount": 50070
  },
  "clearMs": 2.2433340000000044,
  "clearActiveCount": 100000,
  "profile": null,
  "timestamp": "2025-09-17T15:39:21.230Z"
}