{
  "rows": 100000,
  "dimensions": 6,
  "range": {
    "min": 0,
    "max": 1000
  },
  "filterFractions": {
    "lo": 0.25,
    "hi": 0.75
  },
  "columnar": false,
  "ingestMs": 21.570875,
  "index": {
    "ms": 0.9602920000000097,
    "bytes": 416388
  },
  "filter": {
    "ms": 2.9047079999999994,
    "activeCount": 50157
  },
  "clearMs": 2.143375000000006,
  "profile": null,
  "timestamp": "2025-09-16T23:50:59.657Z"
}