{
  "rows": 100000,
  "dimensions": 6,
  "range": {
    "min": 0,
    "max": 1000
  },
  "ingestMs": 30.056459000000004,
  "index": {
    "ms": 0.9615000000000009,
    "bytes": 416388
  },
  "filter": {
    "ms": 2.7634999999999934,
    "activeCount": 50024
  },
  "clearMs": 2.131999999999991,
  "timestamp": "2025-09-16T15:25:19.211Z"
}