{
  "rows": 1000000,
  "dimensions": 6,
  "range": {
    "min": 0,
    "max": 1000
  },
  "ingestMs": 241.56233299999997,
  "index": {
    "ms": 3.4196249999999964,
    "bytes": 4016388
  },
  "filter": {
    "ms": 18.942750000000046,
    "activeCount": 499883
  },
  "clearMs": 30.13545799999997,
  "timestamp": "2025-09-16T18:30:37.379Z"
}