{
  "rows": 1000000,
  "dimensions": 6,
  "range": {
    "min": 0,
    "max": 1000
  },
  "filterFractions": {
    "lo": 0.25,
    "hi": 0.75
  },
  "columnar": true,
  "ingestMs": 81.48375,
  "index": {
    "ms": 3.5354169999999954,
    "bytes": 4016388
  },
  "filter": {
    "ms": 19.436790999999985,
    "activeCount": 499560
  },
  "clearMs": 20.590125,
  "profile": null,
  "timestamp": "2025-09-16T23:58:13.354Z"
}