{
  "rows": 100000,
  "dimensions": 6,
  "range": {
    "min": 0,
    "max": 1000
  },
  "ingestMs": 29.1205,
  "index": {
    "ms": 0.9283750000000026,
    "bytes": 416388
  },
  "filter": {
    "ms": 2.9024160000000023,
    "activeCount": 50093
  },
  "clearMs": 2.1388330000000053,
  "timestamp": "2025-09-16T16:23:34.762Z"
}