{
  "rows": 1000000,
  "dimensions": 6,
  "range": {
    "min": 0,
    "max": 1000
  },
  "filterFractions": {
    "lo": 0.25,
    "hi": 0.75
  },
  "ingestMs": 259.331334,
  "index": {
    "ms": 3.458417000000054,
    "bytes": 4016388
  },
  "filter": {
    "ms": 19.288125000000036,
    "activeCount": 500285
  },
  "clearMs": 20.485624999999914,
  "timestamp": "2025-09-16T19:01:39.220Z"
}