{
  "rows": 1000000,
  "dimensions": 6,
  "range": {
    "min": 0,
    "max": 1000
  },
  "filterFractions": {
    "lo": 0.1,
    "hi": 0.9
  },
  "columnar": false,
  "ingestMs": 252.15899999999993,
  "index": {
    "ms": 3.389583000000016,
    "bytes": 4016388
  },
  "filter": {
    "ms": 21.771165999999994,
    "activeCount": 800241
  },
  "clearMs": 14.524999999999977,
  "profile": {
    "clear": {
      "fallback": false,
      "insideRows": 800241,
      "outsideRows": 199759,
      "insideMs": 2.6397080000000415,
      "outsideMs": 11.721542,
      "totalMs": 14.361250000000041,
      "outsideFraction": 0.199759,
      "rangeBins": 3277
    }
  },
  "timestamp": "2025-09-16T20:08:34.460Z"
}