{
  "rows": 1000000,
  "dimensions": 6,
  "range": {
    "min": 0,
    "max": 1000
  },
  "ingestMs": 184.13858400000004,
  "index": {
    "ms": 3.3608339999999544,
    "bytes": 4016388
  },
  "filter": {
    "ms": 19.099290999999994,
    "activeCount": 500447
  },
  "clearMs": 20.44216700000004,
  "timestamp": "2025-09-16T18:31:04.794Z"
}