{
  "rows": 1000000,
  "dimensions": 6,
  "range": {
    "min": 0,
    "max": 1000
  },
  "ingestMs": 194.31687499999992,
  "index": {
    "ms": 3.4593340000000126,
    "bytes": 4016388
  },
  "filter": {
    "ms": 18.876207999999906,
    "activeCount": 499579
  },
  "clearMs": 21.642165999999975,
  "timestamp": "2025-09-16T17:57:24.022Z"
}