{
  "rows": 1000000,
  "dimensions": 6,
  "range": {
    "min": 0,
    "max": 1000
  },
  "ingestMs": 233.58274999999998,
  "index": {
    "ms": 3.3425419999999804,
    "bytes": 4016388
  },
  "filter": {
    "ms": 19.28316700000005,
    "activeCount": 500042
  },
  "clearMs": 28.307083999999918,
  "timestamp": "2025-09-16T18:29:44.774Z"
}