{
  "rows": 100000,
  "dimensions": 6,
  "range": {
    "min": 0,
    "max": 1000
  },
  "ingestMs": 21.945417000000006,
  "index": {
    "ms": 0.9954579999999993,
    "bytes": 416388
  },
  "filter": {
    "ms": 2.992750000000001,
    "activeCount": 50098
  },
  "clearMs": 2.3898749999999893,
  "timestamp": "2025-09-16T17:26:19.802Z"
}