{
  "rows": 1000000,
  "dimensions": 6,
  "range": {
    "min": 0,
    "max": 1000
  },
  "filterFractions": {
    "lo": 0.25,
    "hi": 0.75
  },
  "columnar": true,
  "ingestMs": 84.607416,
  "index": {
    "ms": 3.4511250000000047,
    "bytes": 4016388
  },
  "filter": {
    "ms": 19.345459000000005,
    "activeCount": 500727
  },
  "clearMs": 20.475790999999987,
  "profile": null,
  "timestamp": "2025-09-16T23:51:04.190Z"
}