{
  "rows": 100000,
  "dimensions": 6,
  "range": {
    "min": 0,
    "max": 1000
  },
  "filterFractions": {
    "lo": 0.25,
    "hi": 0.75
  },
  "columnar": true,
  "ingestMs": 14.189875,
  "index": {
    "ms": 0.9341250000000016,
    "bytes": 416388
  },
  "filter": {
    "ms": 2.929750000000002,
    "activeCount": 50017
  },
  "clearMs": 2.1267500000000013,
  "profile": null,
  "timestamp": "2025-09-16T23:58:09.618Z"
}