{
  "rows": 100000,
  "dimensions": 6,
  "range": {
    "min": 0,
    "max": 1000
  },
  "filterFractions": {
    "lo": 0.25,
    "hi": 0.75
  },
  "columnar": false,
  "ingestMs": 22.109207999999995,
  "index": {
    "ms": 0.935333,
    "bytes": 416388
  },
  "filter": {
    "ms": 2.938166999999993,
    "activeCount": 49796
  },
  "clearMs": 2.1439589999999953,
  "profile": null,
  "timestamp": "2025-09-16T23:58:22.715Z"
}