{
  "rows": 1000000,
  "dimensions": 6,
  "range": {
    "min": 0,
    "max": 1000
  },
  "filterFractions": {
    "lo": 0.25,
    "hi": 0.75
  },
  "columnar": true,
  "ingestMs": 79.254667,
  "index": {
    "ms": 3.400874999999999,
    "bytes": 4016388
  },
  "filter": {
    "ms": 18.70254100000001,
    "activeCount": 500737
  },
  "clearMs": 20.409374999999983,
  "profile": null,
  "timestamp": "2025-09-16T23:37:44.448Z"
}