{
  "rows": 1000000,
  "dimensions": 6,
  "range": {
    "min": 0,
    "max": 1000
  },
  "filterFractions": {
    "lo": 0.25,
    "hi": 0.75
  },
  "columnar": false,
  "ingestMs": 232.318667,
  "index": {
    "ms": 3.364082999999937,
    "bytes": 4016388
  },
  "filter": {
    "ms": 19.310542000000055,
    "activeCount": 500388
  },
  "clearMs": 20.479542000000038,
  "profile": null,
  "timestamp": "2025-09-16T23:51:03.222Z"
}