{
  "rows": 1000000,
  "dimensions": 6,
  "range": {
    "min": 0,
    "max": 1000
  },
  "filterFractions": {
    "lo": 0.1,
    "hi": 0.9
  },
  "ingestMs": 182.76795799999996,
  "index": {
    "ms": 3.4214580000000296,
    "bytes": 4016388
  },
  "filter": {
    "ms": 21.756541999999968,
    "activeCount": 800415
  },
  "clearMs": 13.919541999999979,
  "timestamp": "2025-09-16T19:02:06.478Z"
}