{
  "rows": 100000,
  "dimensions": 6,
  "range": {
    "min": 0,
    "max": 1000
  },
  "ingestMs": 22.839208,
  "index": {
    "ms": 0.9689580000000007,
    "bytes": 416388
  },
  "filter": {
    "ms": 3.020541999999992,
    "activeCount": 49762
  },
  "clearMs": 2.3073340000000115,
  "timestamp": "2025-09-16T15:27:05.489Z"
}