{
  "timestamp": "2025-09-16T23:58:10.296Z",
  "results": [
    {
      "rows": 100000,
      "range": [
        750,
        2250
      ],
      "mode": "rows",
      "crossfilterX": {
        "ingestMs": 13.878082999999947,
        "indexMs": 0.9407079999999723,
        "filterMs": 1.36929200000003,
        "clearMs": 2.152290999999991
      },
      "legacyCrossfilter": {
        "ingestMs": 0.117999999999995,
        "filterMs": 1.119833999999969,
        "clearMs": 0.6729579999999942,
        "activeCount": 63078
      }
    },
    {
      "rows": 200000,
      "range": [
        750,
        2250
      ],
      "mode": "rows",
      "crossfilterX": {
        "ingestMs": 19.879417000000046,
        "indexMs": 1.1390840000000253,
        "filterMs": 1.67349999999999,
        "clearMs": 3.062959000000035
      },
      "legacyCrossfilter": {
        "ingestMs": 0.1841670000000022,
        "filterMs": 2.689791000000014,
        "clearMs": 0.6857499999999845,
        "activeCount": 126007
      }
    },
    {
      "rows": 500000,
      "range": [
        750,
        2250
      ],
      "mode": "rows",
      "crossfilterX": {
        "ingestMs": 41.22708299999999,
        "indexMs": 0.8358339999999771,
        "filterMs": 3.0298749999999472,
        "clearMs": 5.465000000000032
      },
      "legacyCrossfilter": {
        "ingestMs": 0.31683299999997416,
        "filterMs": 4.008000000000038,
        "clearMs": 1.4726670000000013,
        "activeCount": 314456
      }
    }
  ]
}