{
  "rows": 100000,
  "dimensions": 6,
  "range": {
    "min": 0,
    "max": 1000
  },
  "ingestMs": 22.393125000000005,
  "index": {
    "ms": 0.9721669999999989,
    "bytes": 416388
  },
  "filter": {
    "ms": 2.8538329999999945,
    "activeCount": 49914
  },
  "clearMs": 2.2463750000000005,
  "timestamp": "2025-09-16T15:23:02.362Z"
}